{"name":"t:sections.footer.name","type":"footer","sections":{"30e07420-85ee-45b2-b70a-f0e2e7f886b0":{"type":"newsletter","blocks":{"sections--16725311062257__30e07420-85ee-45b2-b70a-f0e2e7f886b0-1681483492f48d4f2d-0":{"type":"heading","settings":{"heading":"<em>Subscribe To Our Emails<\/em>","heading_size":"h1"}},"sections--16725311062257__30e07420-85ee-45b2-b70a-f0e2e7f886b0-1681483492f48d4f2d-1":{"type":"paragraph","settings":{"text":"<p><strong>Be the first to know about new products and exclusive offers.<\/strong><\/p>"}},"sections--16725311062257__30e07420-85ee-45b2-b70a-f0e2e7f886b0-1681483492f48d4f2d-2":{"type":"email_form","settings":{}}},"block_order":["sections--16725311062257__30e07420-85ee-45b2-b70a-f0e2e7f886b0-1681483492f48d4f2d-0","sections--16725311062257__30e07420-85ee-45b2-b70a-f0e2e7f886b0-1681483492f48d4f2d-1","sections--16725311062257__30e07420-85ee-45b2-b70a-f0e2e7f886b0-1681483492f48d4f2d-2"],"custom_css":[".newsletter {margin-top: 30px;}"],"settings":{"color_scheme":"accent-1","full_width":true,"padding_top":40,"padding_bottom":40}},"footer":{"type":"footer","blocks":{"29ddb56c-2b47-4c81-a157-69ed314f53b5":{"type":"brand_information","settings":{"show_social":true}},"64d3fd19-aeea-4d0d-9b0f-9ae073cce9c6":{"type":"link_list","settings":{"heading":"<em><strong>Main Menu<\/strong><\/em>","menu":"footer-main-menu"}},"b0138d7f-8077-4c69-9a9a-bf4e0fdbe88f":{"type":"link_list","disabled":true,"settings":{"heading":"<em><strong>Main Categories<\/strong><\/em>","menu":"footer-menu-1"}},"5b85e095-f389-43cf-ab94-d6fd37de6a51":{"type":"link_list","settings":{"heading":"Our Collection","menu":"footer"}}},"block_order":["29ddb56c-2b47-4c81-a157-69ed314f53b5","64d3fd19-aeea-4d0d-9b0f-9ae073cce9c6","b0138d7f-8077-4c69-9a9a-bf4e0fdbe88f","5b85e095-f389-43cf-ab94-d6fd37de6a51"],"settings":{"color_scheme":"accent-2","newsletter_enable":false,"newsletter_heading":"Subscribe to our emails","enable_follow_on_shop":false,"show_social":false,"enable_country_selector":false,"enable_language_selector":false,"payment_enable":true,"show_policy":true,"margin_top":36,"padding_top":0,"padding_bottom":20}}},"order":["30e07420-85ee-45b2-b70a-f0e2e7f886b0","footer"]}