{"name":"t:sections.header.name","type":"header","sections":{"announcement-bar":{"type":"announcement-bar","disabled":true,"blocks":{"announcement-bar-0":{"type":"announcement","settings":{"text":"Welcome to our store","text_alignment":"center","color_scheme":"background-1","link":""}}},"block_order":["announcement-bar-0"],"settings":{}},"header":{"type":"header","blocks":{"b9b1581e-e1aa-4f52-9d2b-8e033fe8c323":{"type":"single_menu_item","settings":{"menu_left_img":"shopify:\/\/shop_images\/house.png","menu_name":"Home","menu_link":"https:\/\/torqpointtools.myshopify.com\/"}},"dab5d3d2-795d-4926-af69-1be525384ee9":{"type":"single_menu_item","settings":{"menu_left_img":"shopify:\/\/shop_images\/house.png","menu_name":"All Products","menu_link":"shopify:\/\/collections\/all"}},"60160072-c961-4f3b-b0e5-5c22ab81d8e5":{"type":"single_menu_item","settings":{"menu_name":"Newest","menu_link":"shopify:\/\/collections\/newest-products"}},"963a811a-b2ff-4c2d-90e3-554a0659d8b9":{"type":"single_menu_item","settings":{"menu_left_img":"shopify:\/\/shop_images\/house.png","menu_name":"Best Selling","menu_link":"shopify:\/\/collections\/best-selling"}},"75f3de72-24fe-435c-9b12-7a59c64dc192":{"type":"single_menu_item","settings":{"menu_left_img":"shopify:\/\/shop_images\/house.png","menu_name":"Clearance Products","menu_link":"shopify:\/\/pages\/clearance"}},"1c5faf4c-447d-494f-957d-fabd6a5f4eed":{"type":"single_menu_item","settings":{"menu_left_img":"shopify:\/\/shop_images\/house.png","menu_name":"About Us","menu_link":"shopify:\/\/pages\/about-us"}},"674b6290-19da-4112-bd3f-2640ca01358d":{"type":"single_menu_item","settings":{"menu_left_img":"shopify:\/\/shop_images\/house.png","menu_name":"Contact","menu_link":"shopify:\/\/pages\/contact"}},"a031cb35-bbfd-4623-9892-700a98b16553":{"type":"single_menu_item","settings":{"menu_left_img":"shopify:\/\/shop_images\/house.png","menu_name":"Wholesale","menu_link":"shopify:\/\/pages\/terms-and-conditions"}}},"block_order":["b9b1581e-e1aa-4f52-9d2b-8e033fe8c323","dab5d3d2-795d-4926-af69-1be525384ee9","60160072-c961-4f3b-b0e5-5c22ab81d8e5","963a811a-b2ff-4c2d-90e3-554a0659d8b9","75f3de72-24fe-435c-9b12-7a59c64dc192","1c5faf4c-447d-494f-957d-fabd6a5f4eed","674b6290-19da-4112-bd3f-2640ca01358d","a031cb35-bbfd-4623-9892-700a98b16553"],"settings":{"header_bg_color":"#2d2f31","header_txt_color":"#ffffff","menu":"main-menu","menu_type_desktop":"mega","sticky_header_type":"none","show_line_separator":true,"color_scheme":"background-1","enable_country_selector":false,"enable_language_selector":false,"mobile_logo_position":"center","margin_bottom":0,"padding_top":4,"padding_bottom":4}}},"order":["announcement-bar","header"]}