{"sections":{"banner":{"type":"main-collection-banner","custom_css":[".collection-hero__title {text-align: center;}"],"settings":{"show_collection_description":true,"show_collection_image":true,"color_scheme":"background-2"}},"product-grid":{"type":"main-collection-product-grid","blocks":{"c8c105da-4baf-4459-a265-040843e0ba10":{"type":"category_subcategory_add","settings":{"category_img":"shopify:\/\/shop_images\/scissor_plier.png","show_level_one_icon":false,"category_name":"Ratchet handles","add_filter_category_url":"shopify:\/\/collections\/ratchet-handles","subcategory_name_1":"1\/4\" Dr. Ratchet handles","add_filter_subcategory_url_1":"shopify:\/\/collections\/1-4-dr-ratchet-handles","inner_subcategory_list_1":"","show_subcategory_icon_1":true,"subcategory_name_2":"3\/8\" Dr. Ratchet handles","add_filter_subcategory_url_2":"shopify:\/\/collections\/3-8-dr-ratchet-handles","inner_subcategory_list_2":"","show_subcategory_icon_2":true,"subcategory_name_3":"1\/2\" Dr. Ratchet handles","add_filter_subcategory_url_3":"shopify:\/\/collections\/1-2-dr-ratchet-handles","inner_subcategory_list_3":"","show_subcategory_icon_3":true,"subcategory_name_4":"","add_filter_subcategory_url_4":"","inner_subcategory_list_4":"","show_subcategory_icon_4":true,"subcategory_name_5":"subcategory name 5","add_filter_subcategory_url_5":"","inner_subcategory_list_5":"","show_subcategory_icon_5":true,"subcategory_name_6":"subcategory name 6","add_filter_subcategory_url_6":"","inner_subcategory_list_6":"","show_subcategory_icon_6":true,"subcategory_name_7":"subcategory name 7","add_filter_subcategory_url_7":"","inner_subcategory_list_7":"","show_subcategory_icon_7":true}},"399d3424-160e-4c5e-953e-377112c30e34":{"type":"category_subcategory_add","settings":{"category_img":"shopify:\/\/shop_images\/tools_set.png","show_level_one_icon":false,"category_name":"Breaker Bars & Extension bars","add_filter_category_url":"shopify:\/\/collections\/breaker-bars-extension-bars","subcategory_name_1":"Breaker Bars","add_filter_subcategory_url_1":"shopify:\/\/collections\/breaker-bars-1","inner_subcategory_list_1":"breaker-bars","show_subcategory_icon_1":false,"subcategory_name_2":"Extension bars","add_filter_subcategory_url_2":"shopify:\/\/collections\/extension-bars","inner_subcategory_list_2":"extension-bars","show_subcategory_icon_2":false,"subcategory_name_3":"subcategory name 3","add_filter_subcategory_url_3":"","inner_subcategory_list_3":"","show_subcategory_icon_3":true,"subcategory_name_4":"subcategory name 4","add_filter_subcategory_url_4":"","inner_subcategory_list_4":"","show_subcategory_icon_4":true,"subcategory_name_5":"subcategory name 5","add_filter_subcategory_url_5":"","inner_subcategory_list_5":"","show_subcategory_icon_5":true,"subcategory_name_6":"subcategory name 6","add_filter_subcategory_url_6":"","inner_subcategory_list_6":"","show_subcategory_icon_6":true,"subcategory_name_7":"subcategory name 7","add_filter_subcategory_url_7":"","inner_subcategory_list_7":"","show_subcategory_icon_7":true}},"99884169-ccc5-4c4e-a59a-628d706599c6":{"type":"category_subcategory_add","settings":{"category_img":"shopify:\/\/shop_images\/sockets.png","show_level_one_icon":false,"category_name":"Socket Sets \/ Sockets","add_filter_category_url":"shopify:\/\/collections\/socket-sets-sockets","subcategory_name_1":"Socket Sets","add_filter_subcategory_url_1":"shopify:\/\/collections\/socket-sets","inner_subcategory_list_1":"sets","show_subcategory_icon_1":false,"subcategory_name_2":"Individual Sockets","add_filter_subcategory_url_2":"shopify:\/\/collections\/individual-sockets","inner_subcategory_list_2":"individual-sockets","show_subcategory_icon_2":false,"subcategory_name_3":"Socket Accessories","add_filter_subcategory_url_3":"shopify:\/\/collections\/socket-accessories","inner_subcategory_list_3":"","show_subcategory_icon_3":true,"subcategory_name_4":"subcategory name 4","add_filter_subcategory_url_4":"","inner_subcategory_list_4":"","show_subcategory_icon_4":true,"subcategory_name_5":"subcategory name 5","add_filter_subcategory_url_5":"","inner_subcategory_list_5":"","show_subcategory_icon_5":true,"subcategory_name_6":"subcategory name 6","add_filter_subcategory_url_6":"","inner_subcategory_list_6":"","show_subcategory_icon_6":true,"subcategory_name_7":"subcategory name 7","add_filter_subcategory_url_7":"","inner_subcategory_list_7":"","show_subcategory_icon_7":true}},"cc0360b2-c6ab-4cda-aeaf-19404b9ed07b":{"type":"category_subcategory_add","settings":{"category_img":"shopify:\/\/shop_images\/screwdiver.png","show_level_one_icon":false,"category_name":"Socket Bits","add_filter_category_url":"shopify:\/\/collections\/socket-bits","subcategory_name_1":"Hex Socket bits","add_filter_subcategory_url_1":"shopify:\/\/collections\/hex-socket-driver-bits","inner_subcategory_list_1":"","show_subcategory_icon_1":true,"subcategory_name_2":"Star\/Torx Socket Bits","add_filter_subcategory_url_2":"shopify:\/\/collections\/star-torx-socket-driver-bits","inner_subcategory_list_2":"","show_subcategory_icon_2":true,"subcategory_name_3":"Spline socket bits","add_filter_subcategory_url_3":"shopify:\/\/collections\/spline-socket-bits","inner_subcategory_list_3":"","show_subcategory_icon_3":true,"subcategory_name_4":"Assorted Socket bit Sets","add_filter_subcategory_url_4":"shopify:\/\/collections\/assorted-socket-bit-sets","inner_subcategory_list_4":"","show_subcategory_icon_4":true,"subcategory_name_5":"Individual Socket Bits","add_filter_subcategory_url_5":"shopify:\/\/collections\/individual-socket-bits","inner_subcategory_list_5":"","show_subcategory_icon_5":true,"subcategory_name_6":"subcategory name 6","add_filter_subcategory_url_6":"","inner_subcategory_list_6":"","show_subcategory_icon_6":true,"subcategory_name_7":"subcategory name 7","add_filter_subcategory_url_7":"","inner_subcategory_list_7":"","show_subcategory_icon_7":true}},"d1515f11-2557-491d-80b4-a5dbed4dfeb5":{"type":"category_subcategory_add","settings":{"category_img":"shopify:\/\/shop_images\/sockets.png","show_level_one_icon":false,"category_name":"Impact Sockets , Bits & Accessories","add_filter_category_url":"shopify:\/\/collections\/impact-sockets-bits-accessories","subcategory_name_1":"Impact Socket Sets","add_filter_subcategory_url_1":"shopify:\/\/collections\/impact-socket-sets","inner_subcategory_list_1":"impact-socket-sets","show_subcategory_icon_1":false,"subcategory_name_2":"Impact Bit Sets","add_filter_subcategory_url_2":"shopify:\/\/collections\/impact-bit-sets","inner_subcategory_list_2":"","show_subcategory_icon_2":true,"subcategory_name_3":"Individual Impact Sockets","add_filter_subcategory_url_3":"shopify:\/\/collections\/individual-impact-sockets","inner_subcategory_list_3":"","show_subcategory_icon_3":true,"subcategory_name_4":"Impact Accessories","add_filter_subcategory_url_4":"shopify:\/\/collections\/assorted-drive-impact-accessories","inner_subcategory_list_4":"","show_subcategory_icon_4":true,"subcategory_name_5":"subcategory name 5","add_filter_subcategory_url_5":"","inner_subcategory_list_5":"","show_subcategory_icon_5":true,"subcategory_name_6":"subcategory name 6","add_filter_subcategory_url_6":"","inner_subcategory_list_6":"","show_subcategory_icon_6":true,"subcategory_name_7":"subcategory name 7","add_filter_subcategory_url_7":"","inner_subcategory_list_7":"","show_subcategory_icon_7":true}},"228f1b20-be95-45fb-a2fb-2a160af97b1c":{"type":"category_subcategory_add","settings":{"category_img":"shopify:\/\/shop_images\/spanner_and_torq.png","show_level_one_icon":false,"category_name":"Spanners & Wrenches","add_filter_category_url":"shopify:\/\/collections\/spanners-wrenches","subcategory_name_1":"Combination Spanners","add_filter_subcategory_url_1":"shopify:\/\/collections\/combination-spanners","inner_subcategory_list_1":"","show_subcategory_icon_1":true,"subcategory_name_2":"Ratchet Spanners","add_filter_subcategory_url_2":"shopify:\/\/collections\/ratchet-spanners","inner_subcategory_list_2":"ratchet-spanners","show_subcategory_icon_2":false,"subcategory_name_3":"Extra long Spanners","add_filter_subcategory_url_3":"shopify:\/\/collections\/extra-long-spanners","inner_subcategory_list_3":"","show_subcategory_icon_3":true,"subcategory_name_4":"Double Ring Offset spanner","add_filter_subcategory_url_4":"shopify:\/\/collections\/double-ring-offset-spanners","inner_subcategory_list_4":"","show_subcategory_icon_4":true,"subcategory_name_5":"Stubby Spanners","add_filter_subcategory_url_5":"shopify:\/\/collections\/stubby-spanners","inner_subcategory_list_5":"","show_subcategory_icon_5":true,"subcategory_name_6":"Wrenches\/Shifters","add_filter_subcategory_url_6":"shopify:\/\/collections\/wrenches-shifters","inner_subcategory_list_6":"","show_subcategory_icon_6":true,"subcategory_name_7":"subcategory name 7","add_filter_subcategory_url_7":"","inner_subcategory_list_7":"","show_subcategory_icon_7":true}},"d96a04f6-ed12-4653-9d55-f79403191bcf":{"type":"category_subcategory_add","settings":{"category_img":"shopify:\/\/shop_images\/scissor_plier_948b6be7-8f4f-4d2f-8cd3-33a97ea8e85a.png","show_level_one_icon":false,"category_name":"Pliers & Clamps","add_filter_category_url":"shopify:\/\/collections\/pliers-clamps","subcategory_name_1":"Long nose Pliers","add_filter_subcategory_url_1":"shopify:\/\/collections\/long-nose-pliers","inner_subcategory_list_1":"","show_subcategory_icon_1":true,"subcategory_name_2":"Combination Pliers","add_filter_subcategory_url_2":"shopify:\/\/collections\/combination-pliers","inner_subcategory_list_2":"","show_subcategory_icon_2":true,"subcategory_name_3":"Cutting\/Stripping Pliers","add_filter_subcategory_url_3":"shopify:\/\/collections\/cutting-stripping-pliers","inner_subcategory_list_3":"","show_subcategory_icon_3":true,"subcategory_name_4":"Multi-Grip Pliers","add_filter_subcategory_url_4":"shopify:\/\/collections\/multi-grip-pliers","inner_subcategory_list_4":"","show_subcategory_icon_4":true,"subcategory_name_5":"Clamps","add_filter_subcategory_url_5":"shopify:\/\/collections\/clamps","inner_subcategory_list_5":"clamps","show_subcategory_icon_5":false,"subcategory_name_6":"subcategory name 6","add_filter_subcategory_url_6":"","inner_subcategory_list_6":"","show_subcategory_icon_6":true,"subcategory_name_7":"subcategory name 7","add_filter_subcategory_url_7":"","inner_subcategory_list_7":"","show_subcategory_icon_7":true}},"e8104eb7-1dd4-47dd-a343-d6daf74057c7":{"type":"category_subcategory_add","settings":{"category_img":"shopify:\/\/shop_images\/screwdiver.png","show_level_one_icon":false,"category_name":"Power Screw Driver  Bits","add_filter_category_url":"shopify:\/\/collections\/power-screw-driver-bits","subcategory_name_1":"PH2\/Phillips Driver Bits","add_filter_subcategory_url_1":"shopify:\/\/collections\/ph2-phillips-driver-bits","inner_subcategory_list_1":"","show_subcategory_icon_1":true,"subcategory_name_2":"Torx\/Star Driver Bits","add_filter_subcategory_url_2":"shopify:\/\/collections\/star-torx-driver-bits","inner_subcategory_list_2":"","show_subcategory_icon_2":true,"subcategory_name_3":"Hex Driver Bits","add_filter_subcategory_url_3":"shopify:\/\/collections\/hex-driver-bits","inner_subcategory_list_3":"","show_subcategory_icon_3":true,"subcategory_name_4":"Slotted\/Flat Driver Bits","add_filter_subcategory_url_4":"shopify:\/\/collections\/slotted-flat-head-driver-bits","inner_subcategory_list_4":"","show_subcategory_icon_4":true,"subcategory_name_5":"Nut Driver Bits","add_filter_subcategory_url_5":"shopify:\/\/collections\/nut-driver-bits","inner_subcategory_list_5":"","show_subcategory_icon_5":true,"subcategory_name_6":"Assorted Driver Bits","add_filter_subcategory_url_6":"shopify:\/\/collections\/assorted-power-driver-bits-sets","inner_subcategory_list_6":"","show_subcategory_icon_6":true,"subcategory_name_7":"subcategory name 7","add_filter_subcategory_url_7":"","inner_subcategory_list_7":"","show_subcategory_icon_7":true}},"b07518c9-3496-4ccd-8e57-b81fb89cede0":{"type":"category_subcategory_add","settings":{"category_img":"shopify:\/\/shop_images\/series.png","show_level_one_icon":false,"category_name":"Cutting & Drilling Tools","add_filter_category_url":"shopify:\/\/collections\/cutting-drilling-tools","subcategory_name_1":"Drill Bits","add_filter_subcategory_url_1":"shopify:\/\/collections\/drill-bits","inner_subcategory_list_1":"drill-bits","show_subcategory_icon_1":false,"subcategory_name_2":"Hole Saws","add_filter_subcategory_url_2":"shopify:\/\/collections\/hole-saws","inner_subcategory_list_2":"","show_subcategory_icon_2":true,"subcategory_name_3":"Knives & Blades","add_filter_subcategory_url_3":"shopify:\/\/collections\/knives-blades","inner_subcategory_list_3":"","show_subcategory_icon_3":true,"subcategory_name_4":"subcategory name 4","add_filter_subcategory_url_4":"","inner_subcategory_list_4":"","show_subcategory_icon_4":true,"subcategory_name_5":"subcategory name 5","add_filter_subcategory_url_5":"","inner_subcategory_list_5":"","show_subcategory_icon_5":true,"subcategory_name_6":"subcategory name 6","add_filter_subcategory_url_6":"","inner_subcategory_list_6":"","show_subcategory_icon_6":true,"subcategory_name_7":"subcategory name 7","add_filter_subcategory_url_7":"","inner_subcategory_list_7":"","show_subcategory_icon_7":true}},"0c5b0278-4832-4515-bafe-e62542fd0948":{"type":"category_subcategory_add","settings":{"show_level_one_icon":false,"category_name":"Circular Saw & Grinder Blades","add_filter_category_url":"shopify:\/\/collections\/saw-grinder-blades","subcategory_name_1":"Grinder Abrasive Wheels","add_filter_subcategory_url_1":"shopify:\/\/collections\/grinder-abrasive-wheels","inner_subcategory_list_1":"circular-saw-grinder-blades","show_subcategory_icon_1":false,"subcategory_name_2":"Circular Saw Blades","add_filter_subcategory_url_2":"shopify:\/\/collections\/circular-saw-blades","inner_subcategory_list_2":"circular-saw-blades","show_subcategory_icon_2":false,"subcategory_name_3":"Concrete \/ Tiles \/ Stone Diamond Blades","add_filter_subcategory_url_3":"shopify:\/\/collections\/concrete-tiles-stone-cutting-blades","inner_subcategory_list_3":"","show_subcategory_icon_3":true,"subcategory_name_4":"subcategory name 4","add_filter_subcategory_url_4":"","inner_subcategory_list_4":"","show_subcategory_icon_4":true,"subcategory_name_5":"subcategory name 5","add_filter_subcategory_url_5":"","inner_subcategory_list_5":"","show_subcategory_icon_5":true,"subcategory_name_6":"subcategory name 6","add_filter_subcategory_url_6":"","inner_subcategory_list_6":"","show_subcategory_icon_6":true,"subcategory_name_7":"subcategory name 7","add_filter_subcategory_url_7":"","inner_subcategory_list_7":"","show_subcategory_icon_7":true}},"ca3e92f3-d801-4fc3-8c4a-57b119c3123e":{"type":"category_subcategory_add","settings":{"category_img":"shopify:\/\/shop_images\/hammer.png","show_level_one_icon":false,"category_name":"Hammers & Striking Tools","add_filter_category_url":"shopify:\/\/collections\/hammers","subcategory_name_1":"Hammers","add_filter_subcategory_url_1":"shopify:\/\/collections\/hammers-1","inner_subcategory_list_1":"","show_subcategory_icon_1":true,"subcategory_name_2":"Chisels","add_filter_subcategory_url_2":"shopify:\/\/collections\/chisels","inner_subcategory_list_2":"","show_subcategory_icon_2":true,"subcategory_name_3":"Letter & Number Punches","add_filter_subcategory_url_3":"shopify:\/\/collections\/letter-number-punches","inner_subcategory_list_3":"","show_subcategory_icon_3":true,"subcategory_name_4":"subcategory name 4","add_filter_subcategory_url_4":"","inner_subcategory_list_4":"","show_subcategory_icon_4":true,"subcategory_name_5":"subcategory name 5","add_filter_subcategory_url_5":"","inner_subcategory_list_5":"","show_subcategory_icon_5":true,"subcategory_name_6":"subcategory name 6","add_filter_subcategory_url_6":"","inner_subcategory_list_6":"","show_subcategory_icon_6":true,"subcategory_name_7":"subcategory name 7","add_filter_subcategory_url_7":"","inner_subcategory_list_7":"","show_subcategory_icon_7":true}},"d6202c7a-7be5-46a1-bf6b-56cf78a0f76a":{"type":"category_subcategory_add","settings":{"category_img":"shopify:\/\/shop_images\/Garden_and_construction_tool.png","show_level_one_icon":false,"category_name":"Building\/Construction","add_filter_category_url":"shopify:\/\/collections\/building-construction","subcategory_name_1":"Levels","add_filter_subcategory_url_1":"shopify:\/\/collections\/levels","inner_subcategory_list_1":"","show_subcategory_icon_1":true,"subcategory_name_2":"Prying tools","add_filter_subcategory_url_2":"shopify:\/\/collections\/prying-tools","inner_subcategory_list_2":"","show_subcategory_icon_2":true,"subcategory_name_3":"Safety Gear","add_filter_subcategory_url_3":"shopify:\/\/collections\/safety-gear","inner_subcategory_list_3":"","show_subcategory_icon_3":true,"subcategory_name_4":"Scaffold Podger Ratchets","add_filter_subcategory_url_4":"shopify:\/\/collections\/scaffold-podger-ratchets","inner_subcategory_list_4":"","show_subcategory_icon_4":true,"subcategory_name_5":"Measuring Tools","add_filter_subcategory_url_5":"shopify:\/\/collections\/measuring-tools","inner_subcategory_list_5":"","show_subcategory_icon_5":true,"subcategory_name_6":"","add_filter_subcategory_url_6":"","inner_subcategory_list_6":"","show_subcategory_icon_6":true,"subcategory_name_7":"subcategory name 7","add_filter_subcategory_url_7":"","inner_subcategory_list_7":"","show_subcategory_icon_7":true}},"84a2f700-3889-4c08-8abe-ff615632d16d":{"type":"category_subcategory_add","settings":{"category_img":"shopify:\/\/shop_images\/auto_repair.png","show_level_one_icon":true,"category_name":"Specialty Automotive Tools","add_filter_category_url":"shopify:\/\/collections\/specialty-automotive-tools","subcategory_name_1":"subcategory name 1","add_filter_subcategory_url_1":"","inner_subcategory_list_1":"","show_subcategory_icon_1":true,"subcategory_name_2":"subcategory name 2","add_filter_subcategory_url_2":"","inner_subcategory_list_2":"","show_subcategory_icon_2":true,"subcategory_name_3":"subcategory name 3","add_filter_subcategory_url_3":"","inner_subcategory_list_3":"","show_subcategory_icon_3":true,"subcategory_name_4":"subcategory name 4","add_filter_subcategory_url_4":"","inner_subcategory_list_4":"","show_subcategory_icon_4":true,"subcategory_name_5":"subcategory name 5","add_filter_subcategory_url_5":"","inner_subcategory_list_5":"","show_subcategory_icon_5":true,"subcategory_name_6":"subcategory name 6","add_filter_subcategory_url_6":"","inner_subcategory_list_6":"","show_subcategory_icon_6":true,"subcategory_name_7":"subcategory name 7","add_filter_subcategory_url_7":"","inner_subcategory_list_7":"","show_subcategory_icon_7":true}},"276e9d35-0f43-497d-a72b-03dc75ac12c1":{"type":"category_subcategory_add","settings":{"category_img":"shopify:\/\/shop_images\/General_tool.png","show_level_one_icon":true,"category_name":"Other Products","add_filter_category_url":"shopify:\/\/collections\/other-products","subcategory_name_1":"subcategory name 1","add_filter_subcategory_url_1":"","inner_subcategory_list_1":"","show_subcategory_icon_1":true,"subcategory_name_2":"subcategory name 2","add_filter_subcategory_url_2":"","inner_subcategory_list_2":"","show_subcategory_icon_2":true,"subcategory_name_3":"subcategory name 3","add_filter_subcategory_url_3":"","inner_subcategory_list_3":"","show_subcategory_icon_3":true,"subcategory_name_4":"subcategory name 4","add_filter_subcategory_url_4":"","inner_subcategory_list_4":"","show_subcategory_icon_4":true,"subcategory_name_5":"subcategory name 5","add_filter_subcategory_url_5":"","inner_subcategory_list_5":"","show_subcategory_icon_5":true,"subcategory_name_6":"subcategory name 6","add_filter_subcategory_url_6":"","inner_subcategory_list_6":"","show_subcategory_icon_6":true,"subcategory_name_7":"subcategory name 7","add_filter_subcategory_url_7":"","inner_subcategory_list_7":"","show_subcategory_icon_7":true}},"ee276737-05f0-40fb-bb36-4967642a9012":{"type":"category_subcategory_add","settings":{"show_level_one_icon":true,"category_name":"Other Tools","add_filter_category_url":"shopify:\/\/collections\/other-tools","subcategory_name_1":"subcategory name 1","add_filter_subcategory_url_1":"","inner_subcategory_list_1":"","show_subcategory_icon_1":true,"subcategory_name_2":"subcategory name 2","add_filter_subcategory_url_2":"","inner_subcategory_list_2":"","show_subcategory_icon_2":true,"subcategory_name_3":"subcategory name 3","add_filter_subcategory_url_3":"","inner_subcategory_list_3":"","show_subcategory_icon_3":true,"subcategory_name_4":"subcategory name 4","add_filter_subcategory_url_4":"","inner_subcategory_list_4":"","show_subcategory_icon_4":true,"subcategory_name_5":"subcategory name 5","add_filter_subcategory_url_5":"","inner_subcategory_list_5":"","show_subcategory_icon_5":true,"subcategory_name_6":"subcategory name 6","add_filter_subcategory_url_6":"","inner_subcategory_list_6":"","show_subcategory_icon_6":true,"subcategory_name_7":"subcategory name 7","add_filter_subcategory_url_7":"","inner_subcategory_list_7":"","show_subcategory_icon_7":true}}},"block_order":["c8c105da-4baf-4459-a265-040843e0ba10","399d3424-160e-4c5e-953e-377112c30e34","99884169-ccc5-4c4e-a59a-628d706599c6","cc0360b2-c6ab-4cda-aeaf-19404b9ed07b","d1515f11-2557-491d-80b4-a5dbed4dfeb5","228f1b20-be95-45fb-a2fb-2a160af97b1c","d96a04f6-ed12-4653-9d55-f79403191bcf","e8104eb7-1dd4-47dd-a343-d6daf74057c7","b07518c9-3496-4ccd-8e57-b81fb89cede0","0c5b0278-4832-4515-bafe-e62542fd0948","ca3e92f3-d801-4fc3-8c4a-57b119c3123e","d6202c7a-7be5-46a1-bf6b-56cf78a0f76a","84a2f700-3889-4c08-8abe-ff615632d16d","276e9d35-0f43-497d-a72b-03dc75ac12c1","ee276737-05f0-40fb-bb36-4967642a9012"],"custom_css":[],"settings":{"filter_text":"PRODUCT CATEGORIES","filter_img":"shopify:\/\/shop_images\/3879_Action_2.png","products_per_page":16,"columns_desktop":4,"image_ratio":"adapt","show_secondary_image":true,"show_vendor":false,"show_rating":false,"enable_quick_add":true,"enable_filtering":false,"filter_type":"vertical","enable_sorting":false,"columns_mobile":"2","padding_top":36,"padding_bottom":36}}},"order":["banner","product-grid"]}