{"sections":{"image_banner":{"type":"image-banner","blocks":{"heading":{"type":"heading","settings":{"heading":"<em>INDUSTRIAL QUALITY , INDUSTRIAL STRENGTH<\/em>","heading_size":"h0"}},"61aac6f6-da17-4603-a76d-6859170cde7b":{"type":"text","settings":{"text":"","text_style":"body"}},"button":{"type":"buttons","settings":{"button_label_1":"Shop all","button_link_1":"shopify:\/\/collections\/all","button_style_secondary_1":true,"button_label_2":"","button_link_2":"","button_style_secondary_2":false}}},"block_order":["heading","61aac6f6-da17-4603-a76d-6859170cde7b","button"],"custom_css":[".button {background: rgb(var(--color-base-accent-1));}"],"settings":{"image":"shopify:\/\/shop_images\/3879_Action_2.png","image_overlay_opacity":60,"image_height":"small","desktop_content_position":"middle-center","show_text_box":false,"desktop_content_alignment":"center","color_scheme":"accent-1","image_behavior":"none","mobile_content_alignment":"center","stack_images_on_mobile":true,"show_text_below":true}},"featured_collection":{"type":"featured-collection","settings":{"title":"Featured products","heading_size":"h1","description":"","show_description":false,"description_style":"body","collection":"all","products_to_show":4,"columns_desktop":4,"full_width":false,"show_view_all":true,"view_all_style":"solid","enable_desktop_slider":true,"color_scheme":"background-2","image_ratio":"adapt","show_secondary_image":true,"show_vendor":false,"show_rating":false,"enable_quick_add":true,"columns_mobile":"2","swipe_on_mobile":false,"padding_top":44,"padding_bottom":44}},"94b61f2b-7036-4640-adbf-8ca0c30a146c":{"type":"featured-product","blocks":{"template--16725310603505__94b61f2b-7036-4640-adbf-8ca0c30a146c-1681480908b8c085aa-0":{"type":"text","settings":{"text":"{{ section.settings.product.vendor }}","text_style":"uppercase"}},"template--16725310603505__94b61f2b-7036-4640-adbf-8ca0c30a146c-1681480908b8c085aa-1":{"type":"title","settings":{"heading_size":"h2"}},"template--16725310603505__94b61f2b-7036-4640-adbf-8ca0c30a146c-1681480908b8c085aa-2":{"type":"price","settings":{}},"template--16725310603505__94b61f2b-7036-4640-adbf-8ca0c30a146c-1681480908b8c085aa-3":{"type":"variant_picker","settings":{"picker_type":"button"}},"template--16725310603505__94b61f2b-7036-4640-adbf-8ca0c30a146c-1681480908b8c085aa-4":{"type":"quantity_selector","settings":{}},"template--16725310603505__94b61f2b-7036-4640-adbf-8ca0c30a146c-1681480908b8c085aa-5":{"type":"buy_buttons","settings":{"show_dynamic_checkout":true}},"template--16725310603505__94b61f2b-7036-4640-adbf-8ca0c30a146c-1681480908b8c085aa-6":{"type":"share","disabled":true,"settings":{"share_label":"Share"}}},"block_order":["template--16725310603505__94b61f2b-7036-4640-adbf-8ca0c30a146c-1681480908b8c085aa-0","template--16725310603505__94b61f2b-7036-4640-adbf-8ca0c30a146c-1681480908b8c085aa-1","template--16725310603505__94b61f2b-7036-4640-adbf-8ca0c30a146c-1681480908b8c085aa-2","template--16725310603505__94b61f2b-7036-4640-adbf-8ca0c30a146c-1681480908b8c085aa-3","template--16725310603505__94b61f2b-7036-4640-adbf-8ca0c30a146c-1681480908b8c085aa-4","template--16725310603505__94b61f2b-7036-4640-adbf-8ca0c30a146c-1681480908b8c085aa-5","template--16725310603505__94b61f2b-7036-4640-adbf-8ca0c30a146c-1681480908b8c085aa-6"],"settings":{"product":"1-2-dr-magnetic-socket-holder-tray-short-deep-up-to-27mm-or-1-1-2-sockets","color_scheme":"background-1","secondary_background":true,"media_size":"large","constrain_to_viewport":true,"media_fit":"cover","media_position":"left","image_zoom":"none","hide_variants":true,"enable_video_looping":false,"padding_top":36,"padding_bottom":36}},"19bf0450-aa06-48c6-a802-8fc995493bfe":{"type":"image-with-text","blocks":{"template--16725310603505__19bf0450-aa06-48c6-a802-8fc995493bfe-1681481724295e5114-0":{"type":"heading","settings":{"heading":"About Us","heading_size":"h1"}},"template--16725310603505__19bf0450-aa06-48c6-a802-8fc995493bfe-1681481724295e5114-1":{"type":"text","settings":{"text":"<h2><em>\"Torqpoint Tools is your source for high-quality hand tools. As wholesalers and importers, we offer a range of products at competitive prices. From socket sets, ratchets & breaker bars to power bits, saw blades & Pliers.\"<\/em><\/h2>","text_style":"subtitle"}},"template--16725310603505__19bf0450-aa06-48c6-a802-8fc995493bfe-1681481724295e5114-2":{"type":"button","settings":{"button_label":"Learn More","button_link":"shopify:\/\/pages\/about-us"}}},"block_order":["template--16725310603505__19bf0450-aa06-48c6-a802-8fc995493bfe-1681481724295e5114-0","template--16725310603505__19bf0450-aa06-48c6-a802-8fc995493bfe-1681481724295e5114-1","template--16725310603505__19bf0450-aa06-48c6-a802-8fc995493bfe-1681481724295e5114-2"],"settings":{"image":"shopify:\/\/shop_images\/toolbox-socket-repair-tool.jpg","height":"adapt","desktop_image_width":"medium","layout":"image_first","desktop_content_position":"top","desktop_content_alignment":"left","content_layout":"overlap","color_scheme":"accent-2","image_behavior":"ambient","mobile_content_alignment":"left","padding_top":48,"padding_bottom":48}},"6816e32d-c635-4442-97c8-97b08c3344eb":{"type":"collection-list","blocks":{"template--16725310603505__6816e32d-c635-4442-97c8-97b08c3344eb-1681482916f5528331-0":{"type":"featured_collection","settings":{"collection":"1-2-drive-impact-sockets-sets"}},"template--16725310603505__6816e32d-c635-4442-97c8-97b08c3344eb-1681482916f5528331-1":{"type":"featured_collection","settings":{"collection":"1-2-drive-breaker-bars"}},"template--16725310603505__6816e32d-c635-4442-97c8-97b08c3344eb-1681482916f5528331-2":{"type":"featured_collection","settings":{"collection":"1-2-drive"}},"fbe813bb-0801-42d1-89bd-b0a70a9943c6":{"type":"featured_collection","disabled":true,"settings":{"collection":"1-4-drive"}},"a000afbb-c55a-449f-a73b-9bb66ae1753b":{"type":"featured_collection","disabled":true,"settings":{"collection":"25mm"}},"cd10c575-c48f-4c8a-be47-778f3036d91c":{"type":"featured_collection","disabled":true,"settings":{"collection":"1-2-drive-socket-accessories"}}},"block_order":["template--16725310603505__6816e32d-c635-4442-97c8-97b08c3344eb-1681482916f5528331-0","template--16725310603505__6816e32d-c635-4442-97c8-97b08c3344eb-1681482916f5528331-1","template--16725310603505__6816e32d-c635-4442-97c8-97b08c3344eb-1681482916f5528331-2","fbe813bb-0801-42d1-89bd-b0a70a9943c6","a000afbb-c55a-449f-a73b-9bb66ae1753b","cd10c575-c48f-4c8a-be47-778f3036d91c"],"settings":{"title":"Our Tool Categories","heading_size":"h1","image_ratio":"adapt","columns_desktop":3,"color_scheme":"background-2","show_view_all":true,"columns_mobile":"2","swipe_on_mobile":true,"padding_top":44,"padding_bottom":12}}},"order":["image_banner","featured_collection","94b61f2b-7036-4640-adbf-8ca0c30a146c","19bf0450-aa06-48c6-a802-8fc995493bfe","6816e32d-c635-4442-97c8-97b08c3344eb"]}