{"sections":{"main":{"type":"main-page","disabled":true,"settings":{"padding_top":28,"padding_bottom":28}},"860b712b-f93b-4b1b-961a-c03b9257757c":{"type":"image-banner","settings":{"image":"shopify:\/\/shop_images\/43socketset.jpg","image_overlay_opacity":0,"image_height":"medium","desktop_content_position":"middle-center","show_text_box":true,"desktop_content_alignment":"center","color_scheme":"background-1","image_behavior":"none","mobile_content_alignment":"center","stack_images_on_mobile":true,"show_text_below":true}},"ca8909be-6740-4d42-975e-bb2745e61458":{"type":"rich-text","blocks":{"template--16728425464049__ca8909be-6740-4d42-975e-bb2745e61458-1681607291c94c8502-0":{"type":"heading","settings":{"heading":"<strong>\"Trusted Importers of Quality Hand Tools: Torqpoint Tools\"<\/strong>","heading_size":"h1"}},"template--16728425464049__ca8909be-6740-4d42-975e-bb2745e61458-1681607291c94c8502-1":{"type":"text","settings":{"text":"<p><strong>Welcome to Torqpoint Tools, your go-to source for high-quality hand tools for the automotive and building industries. As a leading wholesaler and importer, we specialise in supplying our retailers and distributors with quality products at competitive prices.<\/strong><\/p><p><strong>With over 20 years of experience as a family-operated business we have established a reputation for delivering quality tools with great service. Our extensive range of products, including socket sets, breaker bars, spanners, drill bits, saw blades and more, are designed to meet the demanding needs of industry professionals.<\/strong><\/p><p><strong>We take pride in sourcing our products from reputable manufacturers in the USA, Taiwan, and China to ensure superior quality and performance. Our team is committed to providing our customers with personalised service, from selecting the right tools for your customer base to answering any technical questions you may have.<\/strong><\/p><h4><em>Thank you for choosing Torqpoint Tools as your preferred supplier!<\/em><\/h4>"}},"template--16728425464049__ca8909be-6740-4d42-975e-bb2745e61458-1681607291c94c8502-2":{"type":"button","settings":{"button_label":"CHECK OUT OUR PRODUCT RANGE!","button_link":"shopify:\/\/collections\/all","button_style_secondary":false,"button_label_2":"CONTACT US FOR MORE INFORMATION","button_link_2":"https:\/\/torqpointtools.myshopify.com\/pages\/contact","button_style_secondary_2":true}}},"block_order":["template--16728425464049__ca8909be-6740-4d42-975e-bb2745e61458-1681607291c94c8502-0","template--16728425464049__ca8909be-6740-4d42-975e-bb2745e61458-1681607291c94c8502-1","template--16728425464049__ca8909be-6740-4d42-975e-bb2745e61458-1681607291c94c8502-2"],"settings":{"desktop_content_position":"center","content_alignment":"center","color_scheme":"background-1","full_width":true,"padding_top":40,"padding_bottom":52}}},"order":["main","860b712b-f93b-4b1b-961a-c03b9257757c","ca8909be-6740-4d42-975e-bb2745e61458"]}