{"sections":{"main":{"type":"main-page","disabled":true,"settings":{"padding_top":28,"padding_bottom":28}},"4b38aeba-542a-47ea-af2e-74aa16ee467d":{"type":"featured-collection","settings":{"title":"New Arrivals","heading_size":"h1","description":"","show_description":false,"description_style":"body","collection":"1-4-drive","products_to_show":14,"columns_desktop":4,"full_width":false,"show_view_all":true,"view_all_style":"solid","enable_desktop_slider":false,"color_scheme":"background-1","image_ratio":"adapt","show_secondary_image":false,"show_vendor":false,"show_rating":false,"enable_quick_add":false,"columns_mobile":"2","swipe_on_mobile":false,"padding_top":36,"padding_bottom":36}}},"order":["main","4b38aeba-542a-47ea-af2e-74aa16ee467d"]}