{"sections":{"main":{"type":"main-page","disabled":true,"settings":{"padding_top":28,"padding_bottom":28}},"b689e5e4-b098-45f9-b4a0-40c5d8d4a235":{"type":"image-banner","disabled":true,"blocks":{"template--16728425529585__b689e5e4-b098-45f9-b4a0-40c5d8d4a235-168160715979c33692-0":{"type":"heading","settings":{"heading":"Image banner","heading_size":"h1"}},"template--16728425529585__b689e5e4-b098-45f9-b4a0-40c5d8d4a235-168160715979c33692-1":{"type":"text","settings":{"text":"Give customers details about the banner image(s) or content on the template.","text_style":"body"}},"template--16728425529585__b689e5e4-b098-45f9-b4a0-40c5d8d4a235-168160715979c33692-2":{"type":"buttons","settings":{"button_label_1":"Button label","button_link_1":"","button_style_secondary_1":false,"button_label_2":"Button label","button_link_2":"","button_style_secondary_2":false}}},"block_order":["template--16728425529585__b689e5e4-b098-45f9-b4a0-40c5d8d4a235-168160715979c33692-0","template--16728425529585__b689e5e4-b098-45f9-b4a0-40c5d8d4a235-168160715979c33692-1","template--16728425529585__b689e5e4-b098-45f9-b4a0-40c5d8d4a235-168160715979c33692-2"],"settings":{"image_overlay_opacity":0,"image_height":"medium","desktop_content_position":"middle-center","show_text_box":true,"desktop_content_alignment":"center","color_scheme":"background-1","image_behavior":"none","mobile_content_alignment":"center","stack_images_on_mobile":true,"show_text_below":true}},"1fde2627-1552-4648-9b4f-c08233668979":{"type":"rich-text","blocks":{"template--16728425529585__1fde2627-1552-4648-9b4f-c08233668979-1681607291c94c8502-0":{"type":"heading","settings":{"heading":"<strong>Wholesale Pricing<\/strong>","heading_size":"h1"}},"template--16728425529585__1fde2627-1552-4648-9b4f-c08233668979-1681607291c94c8502-1":{"type":"text","settings":{"text":"<p><strong>\"Welcome to our Wholesale Program! Discover Our Exclusive Wholesale prices as direct importers.<\/strong><\/p><p><strong>     If you're a retail shop or distributer interested in purchasing our products at wholesale rates please fill out the <\/strong><a href=\"https:\/\/docs.google.com\/forms\/d\/e\/1FAIpQLSen72ospg4JG_IBzbEujY3PFk6xgRkqA9TS_yAzNn7bS1DF7Q\/viewform?usp=sf_link\" target=\"_blank\" title=\"https:\/\/docs.google.com\/forms\/d\/e\/1FAIpQLSen72ospg4JG_IBzbEujY3PFk6xgRkqA9TS_yAzNn7bS1DF7Q\/viewform?usp=sf_link\"><strong>Wholesale Registration Form <\/strong><\/a><strong>below. This form allows us to collect essential information about your company and verify that you meet our wholesale criteria. <\/strong><\/p><p><strong> Upon approval, you'll gain access to our wholesale pricing catalogue.<\/strong><\/p><p><strong> If you have any questions  please don't hesitate to contact us at: <\/strong><a href=\"\/pages\/contact\" title=\"Contact Us\"><strong>info@torqpointtools.com.au <\/strong><\/a><\/p><h3><strong>Order<\/strong><\/h3><ul><li><strong>Minimum order of $500 is required for approved wholesale customers<\/strong><\/li><\/ul><h3><strong>Shipment<\/strong><\/h3><ul><li><strong>A $50 delivery fee applies for Sydney customers, alternatively pickup is available from our warehouse<\/strong><\/li><li><strong>Please note that freight charges for interstate customers will vary based on order weight and shipping method and is to be determined upon order placement. <\/strong><\/li><\/ul><p><\/p>"}},"template--16728425529585__1fde2627-1552-4648-9b4f-c08233668979-1681607291c94c8502-2":{"type":"button","settings":{"button_label":"Wholesale Registration Form","button_link":"https:\/\/docs.google.com\/forms\/d\/e\/1FAIpQLSen72ospg4JG_IBzbEujY3PFk6xgRkqA9TS_yAzNn7bS1DF7Q\/viewform?usp=sf_link","button_style_secondary":false,"button_label_2":"","button_link_2":"","button_style_secondary_2":false}}},"block_order":["template--16728425529585__1fde2627-1552-4648-9b4f-c08233668979-1681607291c94c8502-0","template--16728425529585__1fde2627-1552-4648-9b4f-c08233668979-1681607291c94c8502-1","template--16728425529585__1fde2627-1552-4648-9b4f-c08233668979-1681607291c94c8502-2"],"settings":{"desktop_content_position":"center","content_alignment":"center","color_scheme":"background-1","full_width":true,"padding_top":40,"padding_bottom":52}}},"order":["main","b689e5e4-b098-45f9-b4a0-40c5d8d4a235","1fde2627-1552-4648-9b4f-c08233668979"]}