{"sections":{"main":{"type":"main-page","disabled":true,"settings":{"padding_top":28,"padding_bottom":28}},"cd8efef1-7db8-4071-ae54-5c853db362fb":{"type":"featured-collection","settings":{"title":"Clearance Products","heading_size":"h1","description":"","show_description":false,"description_style":"body","collection":"clearance-items","products_to_show":25,"columns_desktop":5,"full_width":false,"show_view_all":true,"view_all_style":"solid","enable_desktop_slider":false,"color_scheme":"background-1","image_ratio":"adapt","show_secondary_image":true,"show_vendor":false,"show_rating":false,"enable_quick_add":true,"columns_mobile":"2","swipe_on_mobile":false,"padding_top":36,"padding_bottom":36}}},"order":["main","cd8efef1-7db8-4071-ae54-5c853db362fb"]}