{"sections":{"main":{"type":"main-product","blocks":{"vendor":{"type":"text","settings":{"text":"{{ product.vendor }}","text_style":"subtitle"}},"title":{"type":"title","settings":{}},"0a58baa5-6703-4bf9-999e-b30fd35b995d":{"type":"sku","settings":{"text_style":"body"}},"price":{"type":"price","settings":{}},"variant_picker":{"type":"variant_picker","settings":{"picker_type":"dropdown"}},"quantity_selector":{"type":"quantity_selector","settings":{}},"buy_buttons":{"type":"buy_buttons","settings":{"show_dynamic_checkout":true,"show_gift_card_recipient":true}},"description":{"type":"description","disabled":true,"settings":{}}},"block_order":["vendor","title","0a58baa5-6703-4bf9-999e-b30fd35b995d","price","variant_picker","quantity_selector","buy_buttons","description"],"settings":{"enable_sticky_info":true,"media_size":"small","constrain_to_viewport":false,"media_fit":"contain","gallery_layout":"thumbnail_slider","media_position":"left","image_zoom":"hover","mobile_thumbnails":"show","hide_variants":true,"enable_video_looping":false,"tab_1":"FEATURES & SPECIFICATIONS","tab_1_inner_title":"DESCRIPTION","tab_2":"DELIVERY & RETURNS","tab_2_inner_1":"Delivery","tab_2_inner_1_des":"<h4><strong>DISPATCH TIMES<\/strong><\/h4><ul><li><h5><strong>Items will be dispatched within 1 business day excluding public holidays.<\/strong><\/h5><\/li><\/ul><p><\/p><p><strong>Estimated Delivery Times (after dispatch):<\/strong><\/p><ul><li><h5><strong>Metro - NSW, VIC & SA: 1-3 business days after dispatch<\/strong><\/h5><\/li><li><h5><strong>Non Metro - NSW, VIC & SA: 3-5 business days after dispatch<\/strong><\/h5><\/li><li><h5><strong>Metro - QLD, TAS & WA: 2-6 business days after dispatch<\/strong><\/h5><\/li><li><h5><strong>Non Metro - QLD, TAS & WA: 2-7 business days after dispatch<\/strong><\/h5><\/li><li><h5><strong>Regional - QLD, NT & WA: 3-7 business days after dispatch<\/strong><\/h5><\/li><\/ul>","tab_2_inner_2":"Returns","tab_2_inner_2_des":"<ul><li><h5><strong>If you receive a faulty item or are not completely satisfied with your purchase, we offer a hassle-free returns policy. You may return the item within 30days from the date of purchase, provided it is unused and in its original packaging.<\/strong><\/h5><\/li><\/ul><p><\/p><ul><li><h5><strong>To initiate a return, please <\/strong><a href=\"\/pages\/contact\" target=\"_blank\" title=\"Contact Us\"><strong>Contact us<\/strong><\/a><strong> with your order details and the reason for the return. We will guide you through the process and provide you with further instructions. Please note that return shipping costs will apply, unless the return is due to a faulty or damaged item.<\/strong><\/h5><\/li><\/ul>","padding_top":48,"padding_bottom":12}},"related-products":{"type":"related-products","settings":{"heading":"<strong>Related Products<\/strong>","heading_size":"h1","products_to_show":4,"columns_desktop":4,"color_scheme":"background-1","image_ratio":"adapt","show_secondary_image":true,"show_vendor":false,"show_rating":false,"columns_mobile":"2","padding_top":48,"padding_bottom":24}}},"order":["main","related-products"]}